emcee_id,emcee_name
1,$tep G
2,2khelle
3,3rdy
4,AKT
5,Aaron G
6,Abaddon
7,Abra
8,Acid
9,Aelekz
10,Aklas
11,Andros
12,Andy G
13,Antonym
14,Antz
15,Anygma
16,Apekz
17,Apoc
18,Ares
19,Arma
20,Article Clipted
21,Asero
22,Asjo
23,Asser
24,Atoms
25,Aubrey
26,Aztec
27,BLKD
28,BLZR
29,Badang
30,Bagsik
31,Baltz
32,Ban
33,Barbarian
34,Bassilyo
35,Batang Rebelde
36,Batang X
37,Batas
38,Bender
39,Big Sick
40,Bisente
41,Bizzy
42,Blackfaith
43,Blackleaf
44,Blasian
45,Blitzen
46,Blizzard
47,Bogchick
48,Bonet
49,Bords
50,Boy Sleuth
51,C-Quence
52,CJ
53,CNine
54,CRhyme
55,Caliber
56,Cameltoe
57,Caspher
58,Castillo
59,Castyboy
60,Caytriyu
61,Cedie
62,Cerberus
63,Chaliz
64,Charron
65,Chibi
66,Chris Ace
67,Chung
68,Class G
69,Classico
70,Climax
71,Cloud9
72,Cool Kidd
73,Cors
74,Crazy3ck
75,Crazymix
76,Cricket
77,CripLi
78,Crispy Fetus
79,Crypto
80,Cygnus
81,D-Flow Uno
82,Daddy Joe D
83,Daging
84,Dalmacio Armas
85,Damsa
86,Datu
87,Dave Denver
88,Dave Ill
89,Davera
90,Deadline
91,Dee
92,Dello
93,Derekta
94,Dhictah
95,Dhuski
96,Diddle
97,Dilim
98,DimeBag Daryl
99,Dirtbag Dan
100,Doc Pau
101,Dodong Saypa
102,Don Busabos
103,Don Pao
104,Don Rafael
105,Donnie
106,Dopee
107,Dosage
108,Double D
109,Double Dice
110,Drei
111,Driex
112,Drop D
113,Duma
114,Durante
115,EJ Power
116,Earth-J
117,Ejo
118,El D'no
119,El Quiel
120,Elbiz
121,Elias
122,Emar Industriya
123,Empithri
124,Ets
125,Exodus
126,Fangs
127,Ferdie
128,Fernie
129,Flict-G
130,Flipzydot1
131,Fongger
132,Freek
133,Frinze
134,Frooz
135,Fuego
136,Fukuda
137,G-Clown
138,G-Mar
139,G-Spot
140,GI
141,GL
142,Gameboy
143,Gap
144,Ghandi
145,Gin
146,Goriong Talas
147,Gustav
148,Harlem
149,Harvey
150,Hazky
151,Hearty
152,Hempphil
153,Henz
154,Hespero
155,Hizuka
156,Icaruz
157,Ice
158,Ice Bergg
159,Ilaya
160,Illtimate
161,Invictus
162,Ivar
163,J-Blaque
164,J-King
165,J-Lem
166,J-Skeelz
167,J2DP
168,JB
169,JDee
170,JP
171,JR Zero
172,Jabo
173,Jade Wunn
174,Jaffie
175,Jahmen J
176,Jamal
177,James Overman
178,Jamy Sykes
179,Jawz
180,Jaytee
181,Jecoy
182,JedLi
183,Jhapormz
184,Jigsaw
185,John Delo
186,Jojo
187,Jonas
188,Jorer
189,Josh G
190,Juan Tamad
191,K-Ram
192,K-Vill
193,KJah
194,KJap
195,Kahir
196,Kalidido
197,Kalixs
198,Kamandag
199,Kaream
200,Karisma
201,Katana
202,Keelan
203,Keji
204,Kenzer
205,Khen Magat
206,Kial
207,Krack
208,Kregga
209,Kris Delano
210,Kritiko
211,Kros
212,Krusa
213,Kulas
214,Kuscan
215,Lanzeta
216,Lawrence
217,Lax Hartis
218,Lazta
219,Left Eye Blind
220,Lemi
221,Lhipkram
222,Libs
223,Lil Coli
224,Lil Sisa
225,Lil Weng
226,LilJohn
227,LilStrocks
228,LilWeng
229,Linax
230,Lirikal
231,Lloyd
232,Loco
233,Loe Pesci
234,Loon
235,Loonie
236,Lord Manuel
237,Luke
238,Luxuria
239,M Zhayt
240,MC Stiff
241,Mac T
242,Mackata
243,Madd NJ
244,Makii
245,Malupit
246,Manda Baliw
247,Mardszen
248,Marichu
249,Mark Grist
250,Marshall Bonifacio
251,Martin
252,MastaFeat
253,Mastamine
254,Maxford
255,Mazstah Locco
256,Melchrist
257,Meraj
258,Mhel
259,Mhot
260,Mike Makata
261,Mikidee
262,Miks Maharlika
263,Mimack
264,Mison
265,Mistah Lefty
266,Mizayld
267,Mocks Wun
268,Munchito
269,Murdz
270,N-Flowinz
271,Nadnad
272,Nasha
273,Nathan
274,Negatibo
275,Negho Gy
276,NellyBoy
277,Nerd Skillz
278,Nikki
279,NothingElse
280,Notorious
281,Numerhus
282,OG Ulo
283,Omar Baliw
284,Onaks
285,One Lie Ace
286,One3d
287,OnliSon
288,Oxsmugg
289,Ozarugami
290,Paktisoy
291,Pamoso
292,Papew
293,Parz
294,Pen Pluma
295,Philos
296,Pistolero
297,Placz
298,Plaridhel
299,Plazma
300,Poison13
301,PriceTagg
302,Primethugz
303,Prince Rhyme
304,Prosecutor Billy
305,Protege
306,Psycho
307,Psykadelik
308,R-Zone
309,RBTO
310,RG
311,Raizen
312,Ran
313,Range
314,Ranieboy
315,Rapido
316,Raynoa
317,Razick
318,Redd Blot
319,Rentao
320,Renzaurus
321,Resiak
322,Rich Flo
323,Righteous One
324,Rish
325,Romano
326,Ron Aaron
327,Ru
328,Rudic
329,Ruffian
330,Ryl
331,Sael
332,Saff
333,Saint Ice
334,Sak Maestro
335,Sanctuz
336,Sayadd
337,Sayantipiko
338,Scars
339,Sensei
340,Sev
341,Shaboy
342,Shazaam
343,Shehyee
344,Shernan
345,Si7ick
346,Sibil
347,Sickreto
348,Silencer
349,Silent Effect
350,SinCity
351,SingleShot
352,Sinio
353,SirDeo
354,Sixth Threat
355,Skarm
356,Slimer
357,SlockOne
358,Smugglaz
359,Snatch
360,Sniper
361,Snob
362,Sparo
363,Steven
364,Stielo
365,Stiff
366,Supremo
367,Sur Henyo
368,Tactmatic
369,Tantrum
370,Target
371,Tatz Maven
372,Thike
373,Third D
374,Tikboy
375,Tim
376,Tipsy D
377,Toma Hawk
378,Towpher
379,Troublesome
380,Tulala
381,Tweng
382,Twister
383,Twizzie
384,VLD
385,Val
386,Vampi
387,Verb
388,Verse1
389,Vitrum
390,W Beat
391,Wangbo Loco
392,Whitey Uno
393,Wise Wun
394,Wrathsol
395,Yagi
396,Yelshawn
397,YoungOne
398,Yuniko
399,Z-Han
400,Zain Azrai
401,Zaito
402,Zaki
403,Zend Luke
404,Zero Hour
405,Zero MB
406,Zeus
407,Zinntax
408,Zion
409,Zucchetto
